[ { capital: 'Вашингтон',
    type: '/location/country',
    id: '/en/united_states',
    name: 'Сполучені Штати Америки' },
  { capital: 'Берлін',
    type: '/location/country',
    id: '/en/germany',
    name: 'Німеччина' },
  { capital: 'Канберра',
    type: '/location/country',
    id: '/en/australia',
    name: 'Австралія' },
  { capital: 'Тегеран',
    type: '/location/country',
    id: '/en/iran',
    name: 'Іран' },
  { capital: 'Лондон',
    type: '/location/country',
    id: '/en/united_kingdom',
    name: 'Велика Британія' },
  { capital: null,
    type: '/location/country',
    id: '/en/hong_kong',
    name: 'Гонконг' },
  { capital: 'Рейк\'явік',
    type: '/location/country',
    id: '/en/iceland',
    name: 'Ісландія' },
  { capital: 'Париж',
    type: '/location/country',
    id: '/en/france',
    name: 'Франція' },
  { capital: 'Нью-Делі',
    type: '/location/country',
    id: '/en/india',
    name: 'Індія' },
  { capital: 'Оттава',
    type: '/location/country',
    id: '/en/canada',
    name: 'Канада' },
  { capital: 'Москва',
    type: '/location/country',
    id: '/en/russia',
    name: 'Росія' },
  { capital: 'Токіо',
    type: '/location/country',
    id: '/en/japan',
    name: 'Японія' },
  { capital: 'Рим',
    type: '/location/country',
    id: '/en/italy',
    name: 'Італія' },
  { capital: 'Маніла',
    type: '/location/country',
    id: '/en/philippines',
    name: 'Філіппіни' },
  { capital: 'Преторія',
    type: '/location/country',
    id: '/en/south_africa',
    name: 'Південно-Африканська Республіка' },
  { capital: 'Бангкок',
    type: '/location/country',
    id: '/en/thailand',
    name: 'Таїланд' },
  { capital: 'Варшава',
    type: '/location/country',
    id: '/en/poland',
    name: 'Польща' },
  { capital: 'Лондон',
    type: '/location/country',
    id: '/en/england',
    name: 'Англія' },
  { capital: 'Дублін',
    type: '/location/country',
    id: '/en/republic_of_ireland',
    name: 'Ірландія' },
  { capital: 'Бразиліа',
    type: '/location/country',
    id: '/en/brazil',
    name: 'Бразилія' },
  { capital: 'Буенос-Айрес',
    type: '/location/country',
    id: '/en/argentina',
    name: 'Аргентина' },
  { capital: 'Брюссель',
    type: '/location/country',
    id: '/en/belgium',
    name: 'Бельгія' },
  { capital: 'Амстердам',
    type: '/location/country',
    id: '/en/netherlands',
    name: 'Нідерланди' },
  { capital: 'Копенгаген',
    type: '/location/country',
    id: '/en/denmark',
    name: 'Данія' },
  { capital: 'Стокгольм',
    type: '/location/country',
    id: '/en/sweden',
    name: 'Швеція' },
  { capital: 'Анкара',
    type: '/location/country',
    id: '/en/turkey',
    name: 'Туреччина' },
  { capital: 'Каракас',
    type: '/location/country',
    id: '/en/venezuela',
    name: 'Венесуела' },
  { capital: 'Пхеньян',
    type: '/location/country',
    id: '/en/north_korea',
    name: 'Корейська Народно-Демократична Республіка' },
  { capital: 'Сеул',
    type: '/location/country',
    id: '/en/south_korea',
    name: 'Південна Корея' },
  { capital: 'Мехіко',
    type: '/location/country',
    id: '/en/mexico',
    name: 'Мексика' },
  { capital: 'Прага',
    type: '/location/country',
    id: '/en/czechoslovakia',
    name: 'Чехословаччина' },
  { capital: 'Москва',
    type: '/location/country',
    id: '/en/russian_empire',
    name: 'Російська імперія' },
  { capital: 'Веллінгтон',
    type: '/location/country',
    id: '/en/new_zealand',
    name: 'Нова Зеландія' },
  { capital: 'Вільнюс',
    type: '/location/country',
    id: '/en/lithuania',
    name: 'Литва' },
  { capital: 'Мадрид',
    type: '/location/country',
    id: '/en/spain',
    name: 'Іспанія' },
  { capital: 'Бонн',
    type: '/location/country',
    id: '/en/west_germany',
    name: 'Федеративна Республіка Німеччина' },
  { capital: null,
    type: '/location/country',
    id: '/en/singapore',
    name: 'Сінгапур' },
  { capital: 'Осло',
    type: '/location/country',
    id: '/en/norway',
    name: 'Норвегія' },
  { capital: 'Прага',
    type: '/location/country',
    id: '/en/czech_republic',
    name: 'Чехія' },
  { capital: 'Загреб',
    type: '/location/country',
    id: '/en/croatia',
    name: 'Хорватія' },
  { capital: 'Братислава',
    type: '/location/country',
    id: '/en/slovakia',
    name: 'Словаччина' },
  { capital: 'Рабат',
    type: '/location/country',
    id: '/en/morocco',
    name: 'Марокко' },
  { capital: 'Люксембург',
    type: '/location/country',
    id: '/en/luxembourg',
    name: 'Люксембург' },
  { capital: 'Ісламабад',
    type: '/location/country',
    id: '/en/pakistan',
    name: 'Пакистан' },
  { capital: 'Гельсінкі',
    type: '/location/country',
    id: '/en/finland',
    name: 'Фінляндія' },
  { capital: null,
    type: '/location/country',
    id: '/en/switzerland',
    name: 'Швейцарія' },
  { capital: 'Берлін',
    type: '/location/country',
    id: '/en/weimar_republic',
    name: 'Веймарська республіка' },
  { capital: 'Габороне',
    type: '/location/country',
    id: '/en/botswana',
    name: 'Ботсвана' },
  { capital: 'Куала-Лумпур',
    type: '/location/country',
    id: '/en/malaysia',
    name: 'Малайзія' },
  { capital: 'Каїр',
    type: '/location/country',
    id: '/en/egypt',
    name: 'Єгипет' },
  { capital: 'Будапешт',
    type: '/location/country',
    id: '/en/hungary',
    name: 'Угорщина' },
  { capital: 'Андорра-ла-Велья',
    type: '/location/country',
    id: '/en/andorra',
    name: 'Андорра' },
  { capital: 'Абу-Дабі',
    type: '/location/country',
    id: '/en/united_arab_emirates',
    name: 'Об\'єднані Арабські Емірати' },
  { capital: 'Кабул',
    type: '/location/country',
    id: '/en/afghanistan',
    name: 'Афганістан' },
  { capital: 'Сент-Джонс',
    type: '/location/country',
    id: '/en/antigua_and_barbuda',
    name: 'Антигуа і Барбуда' },
  { capital: 'Валлі',
    type: '/location/country',
    id: '/en/anguilla',
    name: 'Ангілья' },
  { capital: 'Тирана',
    type: '/location/country',
    id: '/en/albania',
    name: 'Албанія' },
  { capital: 'Єреван',
    type: '/location/country',
    id: '/en/armenia',
    name: 'Вірменія' },
  { capital: 'Віллемстад',
    type: '/location/country',
    id: '/en/netherlands_antilles',
    name: 'Нідерландські Антильські острови' },
  { capital: 'Луанда',
    type: '/location/country',
    id: '/en/angola',
    name: 'Ангола' },
  { capital: 'Паго-Паго',
    type: '/location/country',
    id: '/en/american_samoa',
    name: 'Американське Самоа' },
  { capital: 'Відень',
    type: '/location/country',
    id: '/en/austria',
    name: 'Австрія' },
  { capital: 'Ораньєстад',
    type: '/location/country',
    id: '/en/aruba',
    name: 'Аруба' },
  { capital: 'Баку',
    type: '/location/country',
    id: '/en/azerbaijan',
    name: 'Азербайджан' },
  { capital: 'Сараєво',
    type: '/location/country',
    id: '/en/bosnia_and_herzegovina',
    name: 'Боснія і Герцеговина' },
  { capital: 'Бриджтаун',
    type: '/location/country',
    id: '/en/barbados',
    name: 'Барбадос' },
  { capital: 'Дакка',
    type: '/location/country',
    id: '/en/bangladesh',
    name: 'Бангладеш' },
  { capital: 'Уагадугу',
    type: '/location/country',
    id: '/en/burkina_faso',
    name: 'Буркіна-Фасо' },
  { capital: 'Софія',
    type: '/location/country',
    id: '/en/bulgaria',
    name: 'Болгарія' },
  { capital: 'Манама',
    type: '/location/country',
    id: '/en/bahrain',
    name: 'Бахрейн' },
  { capital: 'Бужумбура',
    type: '/location/country',
    id: '/en/burundi',
    name: 'Бурунді' },
  { capital: 'Порто-Ново',
    type: '/location/country',
    id: '/en/benin',
    name: 'Бенін' },
  { capital: 'Гамільтон',
    type: '/location/country',
    id: '/en/bermuda',
    name: 'Бермудські острови' },
  { capital: 'Бандар-Сері-Бегаван',
    type: '/location/country',
    id: '/en/brunei',
    name: 'Бруней' },
  { capital: 'Сукре',
    type: '/location/country',
    id: '/en/bolivia',
    name: 'Болівія' },
  { capital: 'Нассау',
    type: '/location/country',
    id: '/en/the_bahamas',
    name: 'Багамські Острови' },
  { capital: 'Тхімпху',
    type: '/location/country',
    id: '/en/bhutan',
    name: 'Бутан' },
  { capital: 'Мінськ',
    type: '/location/country',
    id: '/en/belarus',
    name: 'Білорусь' },
  { capital: 'Бельмопан',
    type: '/location/country',
    id: '/en/belize',
    name: 'Беліз' },
  { capital: null,
    type: '/location/country',
    id: '/en/cocos_islands',
    name: 'Кокосові острови' },
  { capital: 'Бангі',
    type: '/location/country',
    id: '/en/central_african_republic',
    name: 'Центральноафриканська Республіка' },
  { capital: 'Браззавіль',
    type: '/location/country',
    id: '/en/republic_of_the_congo',
    name: 'Республіка Конго' },
  { capital: 'Ямусукро',
    type: '/location/country',
    id: '/en/cote_divoire',
    name: 'Кот-д\'Івуар' },
  { capital: 'Аваруа',
    type: '/location/country',
    id: '/en/cook_islands',
    name: 'Острови Кука' },
  { capital: 'Сантьяго',
    type: '/location/country',
    id: '/en/chile',
    name: 'Чилі' },
  { capital: 'Яунде',
    type: '/location/country',
    id: '/en/cameroon',
    name: 'Камерун' },
  { capital: 'Пекін',
    type: '/location/country',
    id: '/en/china',
    name: 'Китай' },
  { capital: 'Богота',
    type: '/location/country',
    id: '/en/colombia',
    name: 'Колумбія' },
  { capital: 'Сан-Хосе',
    type: '/location/country',
    id: '/en/costa_rica',
    name: 'Коста-Рика' },
  { capital: 'Белград',
    type: '/location/country',
    id: '/en/serbia',
    name: 'Сербія' },
  { capital: 'Гавана',
    type: '/location/country',
    id: '/en/cuba',
    name: 'Куба' },
  { capital: 'Прая',
    type: '/location/country',
    id: '/en/cape_verde',
    name: 'Кабо-Верде' },
  { capital: null,
    type: '/location/country',
    id: '/en/christmas_island',
    name: 'Острів Різдва' },
  { capital: 'Нікосія',
    type: '/location/country',
    id: '/en/cyprus',
    name: 'Кіпр' },
  { capital: 'Джибуті',
    type: '/location/country',
    id: '/en/djibouti',
    name: 'Джибуті' },
  { capital: 'Розо',
    type: '/location/country',
    id: '/en/dominica',
    name: 'Домініка' },
  { capital: 'Санто-Домінго',
    type: '/location/country',
    id: '/en/dominican_republic',
    name: 'Домініканська Республіка' },
  { capital: 'Алжир',
    type: '/location/country',
    id: '/en/algeria',
    name: 'Алжир' },
  { capital: 'Кіто',
    type: '/location/country',
    id: '/en/ecuador',
    name: 'Еквадор' },
  { capital: 'Таллінн',
    type: '/location/country',
    id: '/en/estonia',
    name: 'Естонія' },
  { id: '/en/western_sahara',
    name: 'Західна Сахара',
    type: '/location/country',
    capital: 'Ель-Аюн' },
  { id: '/en/eritrea',
    name: 'Еритрея',
    type: '/location/country',
    capital: 'Асмара' },
  { id: '/en/ethiopia',
    name: 'Ефіопія',
    type: '/location/country',
    capital: 'Аддис-Абеба' },
  { id: '/en/fiji',
    name: 'Фіджі',
    type: '/location/country',
    capital: 'Сува' },
  { id: '/en/falkland_islands',
    name: 'Фолклендські острови',
    type: '/location/country',
    capital: 'Порт-Стенлі' },
  { id: '/en/federated_states_of_micronesia',
    name: 'Федеративні Штати Мікронезії',
    type: '/location/country',
    capital: 'Палікір' },
  { id: '/en/grenada',
    name: 'Гренада',
    type: '/location/country',
    capital: 'Сент-Джорджес' },
  { id: '/wikipedia/es/Georgia',
    name: 'Грузія',
    type: '/location/country',
    capital: 'Тбілісі' },
  { id: '/en/guernsey',
    name: 'Гернсі',
    type: '/location/country',
    capital: 'Сент-Пітер-Порт' },
  { id: '/en/ghana',
    name: 'Гана',
    type: '/location/country',
    capital: 'Аккра' },
  { id: '/en/gibraltar',
    name: 'Гібралтар',
    type: '/location/country',
    capital: 'Гібралтар' },
  { id: '/en/greenland',
    name: 'Ґренландія',
    type: '/location/country',
    capital: 'Нуук' },
  { id: '/en/the_gambia',
    name: 'Гамбія',
    type: '/location/country',
    capital: 'Банжул' },
  { id: '/en/guinea',
    name: 'Гвінея',
    type: '/location/country',
    capital: 'Конакрі' },
  { id: '/en/guadeloupe',
    name: 'Гваделупа',
    type: '/location/country',
    capital: 'Бас-Тер' },
  { id: '/en/equatorial_guinea',
    name: 'Екваторіальна Гвінея',
    type: '/location/country',
    capital: 'Малабо' },
  { id: '/en/greece',
    name: 'Греція',
    type: '/location/country',
    capital: 'Афіни' },
  { id: '/en/south_georgia_and_the_south_sandwich_islands',
    name: 'Південна Джорджія та Південні Сандвічеві острови',
    type: '/location/country',
    capital: null },
  { id: '/en/guatemala',
    name: 'Гватемала',
    type: '/location/country',
    capital: 'Гватемала' },
  { id: '/en/guam',
    name: 'Гуам',
    type: '/location/country',
    capital: 'Хагатна' },
  { id: '/en/guinea-bissau',
    name: 'Гвінея-Бісау',
    type: '/location/country',
    capital: 'Бісау' },
  { id: '/en/guyana',
    name: 'Гаяна',
    type: '/location/country',
    capital: 'Джорджтаун' },
  { id: '/en/honduras',
    name: 'Гондурас',
    type: '/location/country',
    capital: 'Тегусігальпа' },
  { id: '/en/haiti',
    name: 'Гаїті',
    type: '/location/country',
    capital: 'Порт-о-Пренс' },
  { id: '/en/indonesia',
    name: 'Індонезія',
    type: '/location/country',
    capital: 'Джакарта' },
  { id: '/en/israel',
    name: 'Ізраїль',
    type: '/location/country',
    capital: 'Єрусалим' },
  { id: '/en/isle_of_man',
    name: 'Мен',
    type: '/location/country',
    capital: 'Дуглас' },
  { id: '/en/british_indian_ocean_territory',
    name: 'Британська територія в Індійському океані',
    type: '/location/country',
    capital: null },
  { id: '/en/iraq',
    name: 'Ірак',
    type: '/location/country',
    capital: 'Багдад' },
  { id: '/en/jersey',
    name: 'Джерсі',
    type: '/location/country',
    capital: 'Сент-Гелієр' },
  { id: '/en/jamaica',
    name: 'Ямайка',
    type: '/location/country',
    capital: 'Кінгстон' },
  { id: '/en/jordan',
    name: 'Йорданія',
    type: '/location/country',
    capital: 'Амман' },
  { id: '/en/kenya',
    name: 'Кенія',
    type: '/location/country',
    capital: 'Найробі' },
  { id: '/en/cambodia',
    name: 'Камбоджа',
    type: '/location/country',
    capital: 'Пномпень' },
  { id: '/en/kiribati',
    name: 'Кірибаті',
    type: '/location/country',
    capital: 'Південна Тарава' },
  { id: '/en/comoros',
    name: 'Коморські Острови',
    type: '/location/country',
    capital: 'Мороні' },
  { id: '/en/saint_kitts_and_nevis',
    name: 'Сент-Кіттс і Невіс',
    type: '/location/country',
    capital: 'Бастер' },
  { id: '/en/kuwait',
    name: 'Кувейт',
    type: '/location/country',
    capital: 'Ель-Кувейт' },
  { id: '/en/cayman_islands',
    name: 'Кайманові острови',
    type: '/location/country',
    capital: 'Джорджтаун' },
  { id: '/en/kazakhstan',
    name: 'Казахстан',
    type: '/location/country',
    capital: 'Астана' },
  { id: '/en/laos',
    name: 'Лаос',
    type: '/location/country',
    capital: 'В\'єнтьян' },
  { id: '/en/lebanon',
    name: 'Ліван',
    type: '/location/country',
    capital: 'Бейрут' },
  { id: '/en/saint_lucia',
    name: 'Сент-Люсія',
    type: '/location/country',
    capital: 'Кастрі' },
  { id: '/en/liechtenstein',
    name: 'Ліхтенштейн',
    type: '/location/country',
    capital: 'Вадуц' },
  { id: '/en/sri_lanka',
    name: 'Шрі-Ланка',
    type: '/location/country',
    capital: 'Шрі-Джаяварденепура-Котте' },
  { id: '/en/liberia',
    name: 'Ліберія',
    type: '/location/country',
    capital: 'Монровія' },
  { id: '/en/lesotho',
    name: 'Лесото',
    type: '/location/country',
    capital: 'Масеру' },
  { id: '/en/latvia',
    name: 'Латвія',
    type: '/location/country',
    capital: 'Рига' },
  { id: '/en/libya',
    name: 'Лівія',
    type: '/location/country',
    capital: 'Триполі' },
  { id: '/en/monaco',
    name: 'Монако',
    type: '/location/country',
    capital: null },
  { id: '/en/moldova',
    name: 'Молдова',
    type: '/location/country',
    capital: 'Кишинів' },
  { id: '/en/madagascar',
    name: 'Мадагаскар',
    type: '/location/country',
    capital: 'Антананаріву' },
  { id: '/en/marshall_islands',
    name: 'Маршаллові Острови',
    type: '/location/country',
    capital: 'Маджуро' },
  { id: '/en/republic_of_macedonia',
    name: 'Республіка Македонія',
    type: '/location/country',
    capital: 'Скоп\'є' },
  { id: '/en/mali',
    name: 'Малі',
    type: '/location/country',
    capital: 'Бамако' },
  { id: '/en/mongolia',
    name: 'Монголія',
    type: '/location/country',
    capital: 'Улан-Батор' },
  { id: '/en/macau',
    name: 'Аоминь',
    type: '/location/country',
    capital: null },
  { id: '/en/northern_mariana_islands',
    name: 'Північні Маріанські острови',
    type: '/location/country',
    capital: 'Сайпан' },
  { id: '/en/martinique',
    name: 'Мартиніка',
    type: '/location/country',
    capital: 'Фор-де-Франс' },
  { id: '/en/mauritania',
    name: 'Мавританія',
    type: '/location/country',
    capital: 'Нуакшот' },
  { id: '/en/montserrat',
    name: 'Монтсеррат',
    type: '/location/country',
    capital: null },
  { id: '/en/malta',
    name: 'Мальта',
    type: '/location/country',
    capital: 'Валлетта' },
  { id: '/en/mauritius',
    name: 'Маврикій',
    type: '/location/country',
    capital: 'Порт-Луї' },
  { id: '/en/maldives',
    name: 'Мальдіви',
    type: '/location/country',
    capital: 'Мале' },
  { id: '/en/malawi',
    name: 'Малаві',
    type: '/location/country',
    capital: 'Лілонгве' },
  { id: '/en/mozambique',
    name: 'Мозамбік',
    type: '/location/country',
    capital: 'Мапуту' },
  { id: '/en/namibia',
    name: 'Намібія',
    type: '/location/country',
    capital: 'Віндгук' },
  { id: '/en/new_caledonia',
    name: 'Нова Каледонія',
    type: '/location/country',
    capital: 'Нумеа' },
  { id: '/en/niger',
    name: 'Нігер',
    type: '/location/country',
    capital: 'Ніамей' },
  { id: '/en/norfolk_island',
    name: 'Острів Норфолк',
    type: '/location/country',
    capital: 'Кінгстон' },
  { id: '/en/nigeria',
    name: 'Нігерія',
    type: '/location/country',
    capital: 'Абуджа' },
  { id: '/en/nicaragua',
    name: 'Нікарагуа',
    type: '/location/country',
    capital: 'Манагуа' },
  { id: '/en/nepal',
    name: 'Непал',
    type: '/location/country',
    capital: 'Катманду' },
  { id: '/en/nauru',
    name: 'Науру',
    type: '/location/country',
    capital: 'Ярен' },
  { id: '/en/niue',
    name: 'Ніуе',
    type: '/location/country',
    capital: 'Алофі' },
  { id: '/en/oman',
    name: 'Оман',
    type: '/location/country',
    capital: 'Маскат' },
  { id: '/en/panama',
    name: 'Панама',
    type: '/location/country',
    capital: 'Панама' },
  { id: '/en/peru',
    name: 'Перу',
    type: '/location/country',
    capital: 'Ліма' },
  { id: '/en/french_polynesia',
    name: 'Французька Полінезія',
    type: '/location/country',
    capital: 'Папеете' },
  { id: '/en/papua_new_guinea',
    name: 'Папуа Нова Гвінея',
    type: '/location/country',
    capital: 'Порт-Морсбі' },
  { id: '/en/saint-pierre_and_miquelon',
    name: 'Сен-П\'єр і Мікелон',
    type: '/location/country',
    capital: 'Сен-П\'єр' },
  { id: '/en/pitcairn_islands',
    name: 'Піткерн',
    type: '/location/country',
    capital: 'Адамстаун' },
  { id: '/en/puerto_rico',
    name: 'Пуерто-Рико',
    type: '/location/country',
    capital: 'Сан-Хуан' },
  { id: '/en/portugal',
    name: 'Португалія',
    type: '/location/country',
    capital: 'Лісабон' },
  { id: '/en/paraguay',
    name: 'Парагвай',
    type: '/location/country',
    capital: 'Асунсьйон' },
  { id: '/en/qatar',
    name: 'Катар',
    type: '/location/country',
    capital: 'Доха' },
  { id: '/en/romania',
    name: 'Румунія',
    type: '/location/country',
    capital: 'Бухарест' },
  { id: '/en/rwanda',
    name: 'Руанда',
    type: '/location/country',
    capital: 'Кігалі' },
  { id: '/en/saudi_arabia',
    name: 'Саудівська Аравія',
    type: '/location/country',
    capital: 'Ер-Ріяд' },
  { id: '/en/solomon_islands',
    name: 'Соломонові Острови',
    type: '/location/country',
    capital: 'Хоніара' },
  { id: '/en/seychelles',
    name: 'Сейшельські Острови',
    type: '/location/country',
    capital: 'Вікторія' },
  { id: '/en/sudan',
    name: 'Судан',
    type: '/location/country',
    capital: 'Хартум' },
  { id: '/en/slovenia',
    name: 'Словенія',
    type: '/location/country',
    capital: 'Любляна' },
  { id: '/en/sierra_leone',
    name: 'Сьєрра-Леоне',
    type: '/location/country',
    capital: 'Фрітаун' },
  { id: '/en/san_marino',
    name: 'Сан-Марино',
    type: '/location/country',
    capital: 'Сан-Марино' },
  { id: '/en/senegal',
    name: 'Сенегал',
    type: '/location/country',
    capital: 'Дакар' },
  { id: '/en/somalia',
    name: 'Сомалі',
    type: '/location/country',
    capital: 'Могадишо' },
  { id: '/en/suriname',
    name: 'Суринам',
    type: '/location/country',
    capital: 'Парамарибо' },
  { id: '/en/sao_tome_and_principe',
    name: 'Сан-Томе і Принсіпі',
    type: '/location/country',
    capital: 'Сан-Томе' },
  { id: '/en/el_salvador',
    name: 'Сальвадор',
    type: '/location/country',
    capital: 'Сан-Сальвадор' } ]